filename,mjdtime,total_flux,e_total_flux,peak_flux,e_peak_flux
/roadraid/vpipe/vdpstaging/ASKAPJ1832/2sec/Images/2024-02-15T14:03:09.0.45GHz.J1832-1035.ITime.fits,60355.5855092,8493.72095169249,718.796747585914,7274.78145487865,348.050293808189
/roadraid/vpipe/vdpstaging/ASKAPJ1832/2sec/Images/2024-02-15T14:03:11.0.45GHz.J1832-1035.ITime.fits,60355.5855324,8935.0809490315,756.528232769522,7877.35624166465,373.938903983934
/roadraid/vpipe/vdpstaging/ASKAPJ1832/2sec/Images/2024-02-15T14:03:13.0.45GHz.J1832-1035.ITime.fits,60355.5855555,8551.8910278372,694.866349417648,7495.76853085413,341.22833433627
/roadraid/vpipe/vdpstaging/ASKAPJ1832/2sec/Images/2024-02-15T14:03:15.0.45GHz.J1832-1035.ITime.fits,60355.5855787,8222.05147535356,713.225156824794,7172.82263280639,349.812493303101
/roadraid/vpipe/vdpstaging/ASKAPJ1832/2sec/Images/2024-02-15T14:03:17.0.45GHz.J1832-1035.ITime.fits,60355.5856018,8041.16222670409,696.988316909297,6979.91910605922,341.653332126272
/roadraid/vpipe/vdpstaging/ASKAPJ1832/2sec/Images/2024-02-15T14:03:19.0.45GHz.J1832-1035.ITime.fits,60355.5856249,8648.01083783824,692.737393810936,7501.5166153172,338.046174978537
/roadraid/vpipe/vdpstaging/ASKAPJ1832/2sec/Images/2024-02-15T14:03:21.0.45GHz.J1832-1035.ITime.fits,60355.5856481,8425.78724283898,724.25532579767,7266.27650525616,351.742552828607
/roadraid/vpipe/vdpstaging/ASKAPJ1832/2sec/Images/2024-02-15T14:03:23.0.45GHz.J1832-1035.ITime.fits,60355.5856712,7950.79114961898,717.161251075837,6689.00996935529,345.518807117529
/roadraid/vpipe/vdpstaging/ASKAPJ1832/2sec/Images/2024-02-15T14:03:25.0.45GHz.J1832-1035.ITime.fits,60355.5856944,7486.80730097382,664.473315555622,7525.69976278989,353.499234184495
/roadraid/vpipe/vdpstaging/ASKAPJ1832/2sec/Images/2024-02-15T14:03:27.0.45GHz.J1832-1035.ITime.fits,60355.5857176,7963.72564102792,696.347936989428,6883.0278411339,340.908016327231
/roadraid/vpipe/vdpstaging/ASKAPJ1832/2sec/Images/2024-02-15T14:03:29.0.45GHz.J1832-1035.ITime.fits,60355.5857407,6746.40055248253,599.88960970646,6972.96947059707,327.082555639471
/roadraid/vpipe/vdpstaging/ASKAPJ1832/2sec/Images/2024-02-15T14:03:31.0.45GHz.J1832-1035.ITime.fits,60355.5857638,6243.46991378894,582.463076275501,5996.22923305906,297.491738388991
/roadraid/vpipe/vdpstaging/ASKAPJ1832/2sec/Images/2024-02-15T14:03:33.0.45GHz.J1832-1035.ITime.fits,60355.585787,5909.17787386401,539.573988423216,5832.99488778466,281.662212244394
/roadraid/vpipe/vdpstaging/ASKAPJ1832/2sec/Images/2024-02-15T14:03:35.0.45GHz.J1832-1035.ITime.fits,60355.5858101,5516.53107532268,512.20451343156,5346.75549394618,266.035042053028
/roadraid/vpipe/vdpstaging/ASKAPJ1832/2sec/Images/2024-02-15T14:03:37.0.45GHz.J1832-1035.ITime.fits,60355.5858333,5544.89641008262,551.785778553383,5341.66192224736,284.46740437752
/roadraid/vpipe/vdpstaging/ASKAPJ1832/2sec/Images/2024-02-15T14:03:39.0.45GHz.J1832-1035.ITime.fits,60355.5858564,5176.90435747692,518.405643556476,5012.06668750614,270.61449754671
/roadraid/vpipe/vdpstaging/ASKAPJ1832/2sec/Images/2024-02-15T14:03:41.0.45GHz.J1832-1035.ITime.fits,60355.5858796,4863.4517569265,455.627646858883,4482.7836447593,225.954856154884
/roadraid/vpipe/vdpstaging/ASKAPJ1832/2sec/Images/2024-02-15T14:03:43.0.45GHz.J1832-1035.ITime.fits,60355.5859028,4776.96416542789,516.438041331288,4216.42683247039,246.920436816758
/roadraid/vpipe/vdpstaging/ASKAPJ1832/2sec/Images/2024-02-15T14:03:45.0.45GHz.J1832-1035.ITime.fits,60355.5859259,4537.0893847474,490.597903953324,4374.28477507948,252.309781166866
/roadraid/vpipe/vdpstaging/ASKAPJ1832/2sec/Images/2024-02-15T14:03:47.0.45GHz.J1832-1035.ITime.fits,60355.585949,4043.82261284152,475.830634543807,3857.72658532538,247.55724589225
/roadraid/vpipe/vdpstaging/ASKAPJ1832/2sec/Images/2024-02-15T14:03:49.0.45GHz.J1832-1035.ITime.fits,60355.5859722,3771.62922954447,468.957858164023,3556.08741905414,242.514306362606
/roadraid/vpipe/vdpstaging/ASKAPJ1832/2sec/Images/2024-02-15T14:03:51.0.45GHz.J1832-1035.ITime.fits,60355.5859953,4115.66137732608,495.305673789415,3684.94092561711,245.598078096011
/roadraid/vpipe/vdpstaging/ASKAPJ1832/2sec/Images/2024-02-15T14:03:53.0.45GHz.J1832-1035.ITime.fits,60355.5860184,3584.16116397349,454.47812070945,3171.30829432698,216.216868740839
/roadraid/vpipe/vdpstaging/ASKAPJ1832/2sec/Images/2024-02-15T14:03:55.0.45GHz.J1832-1035.ITime.fits,60355.5860416,3523.44447295624,443.492037229091,3116.46064098153,220.225933427358
/roadraid/vpipe/vdpstaging/ASKAPJ1832/2sec/Images/2024-02-15T14:03:57.0.45GHz.J1832-1035.ITime.fits,60355.5860648,3036.44093071611,341.635708252111,3145.40938567973,180.709966473863
/roadraid/vpipe/vdpstaging/ASKAPJ1832/2sec/Images/2024-02-15T14:03:59.0.45GHz.J1832-1035.ITime.fits,60355.5860879,3454.13784027536,429.277872934573,3280.67997083946,219.510675648507
/roadraid/vpipe/vdpstaging/ASKAPJ1832/2sec/Images/2024-02-15T14:04:01.0.45GHz.J1832-1035.ITime.fits,60355.5861111,3129.3468038014,451.414485894749,2876.20019631728,228.214051633244
/roadraid/vpipe/vdpstaging/ASKAPJ1832/2sec/Images/2024-02-15T14:04:03.0.45GHz.J1832-1035.ITime.fits,60355.5861342,3378.88189540698,385.262722829039,2890.3227242298,185.000734987457
/roadraid/vpipe/vdpstaging/ASKAPJ1832/2sec/Images/2024-02-15T14:04:05.0.45GHz.J1832-1035.ITime.fits,60355.5861574,3413.15575300338,471.019217207032,2794.40893291105,218.169539688761
/roadraid/vpipe/vdpstaging/ASKAPJ1832/2sec/Images/2024-02-15T14:04:07.0.45GHz.J1832-1035.ITime.fits,60355.5861805,3202.57817430901,459.755228004004,2694.52644443729,222.858325602756
/roadraid/vpipe/vdpstaging/ASKAPJ1832/2sec/Images/2024-02-15T14:04:09.0.45GHz.J1832-1035.ITime.fits,60355.5862036,2817.84742298478,420.914942068205,2456.45985402316,211.317539260569
/roadraid/vpipe/vdpstaging/ASKAPJ1832/2sec/Images/2024-02-15T14:04:11.0.45GHz.J1832-1035.ITime.fits,60355.5862268,2554.4680443725,445.26480178401,2166.3670064019,222.449878073561
/roadraid/vpipe/vdpstaging/ASKAPJ1832/2sec/Images/2024-02-15T14:04:13.0.45GHz.J1832-1035.ITime.fits,60355.5862499,2924.42025743143,425.141026905236,2689.37140704671,215.082009787157
/roadraid/vpipe/vdpstaging/ASKAPJ1832/2sec/Images/2024-02-15T14:04:15.0.45GHz.J1832-1035.ITime.fits,60355.5862731,2933.12015912148,434.192343968884,2563.91295704725,209.612528234465
/roadraid/vpipe/vdpstaging/ASKAPJ1832/2sec/Images/2024-02-15T14:04:17.0.45GHz.J1832-1035.ITime.fits,60355.5862963,2958.45653889667,451.458241372784,2371.20406209348,202.876579242864
/roadraid/vpipe/vdpstaging/ASKAPJ1832/2sec/Images/2024-02-15T14:04:19.0.45GHz.J1832-1035.ITime.fits,60355.5863194,3201.44221203588,404.181569976477,2482.81350611313,183.683244434429
/roadraid/vpipe/vdpstaging/ASKAPJ1832/2sec/Images/2024-02-15T14:04:21.0.45GHz.J1832-1035.ITime.fits,60355.5863426,3136.90619423188,461.17588702609,2406.42535271218,206.192599063951
/roadraid/vpipe/vdpstaging/ASKAPJ1832/2sec/Images/2024-02-15T14:04:23.0.45GHz.J1832-1035.ITime.fits,60355.5863657,3056.93083636234,458.273564178473,2440.73248711298,211.785731039045
/roadraid/vpipe/vdpstaging/ASKAPJ1832/2sec/Images/2024-02-15T14:04:25.0.45GHz.J1832-1035.ITime.fits,60355.5863888,3290.06484895581,405.644984739282,2727.21042710871,191.063037022756
/roadraid/vpipe/vdpstaging/ASKAPJ1832/2sec/Images/2024-02-15T14:04:27.0.45GHz.J1832-1035.ITime.fits,60355.586412,3270.63186784094,497.310430983533,2664.05550143418,233.719608502695
/roadraid/vpipe/vdpstaging/ASKAPJ1832/2sec/Images/2024-02-15T14:04:29.0.45GHz.J1832-1035.ITime.fits,60355.5864351,2680.54802733981,428.973705527298,2229.21596400647,205.734279506887
/roadraid/vpipe/vdpstaging/ASKAPJ1832/2sec/Images/2024-02-15T14:04:31.0.45GHz.J1832-1035.ITime.fits,60355.5864583,3100.24332495522,375.809978776937,2560.04550134527,176.466349167587
/roadraid/vpipe/vdpstaging/ASKAPJ1832/2sec/Images/2024-02-15T14:04:33.0.45GHz.J1832-1035.ITime.fits,60355.5864815,3291.07050561686,444.74966056758,2581.8330749932,200.683087324208
/roadraid/vpipe/vdpstaging/ASKAPJ1832/2sec/Images/2024-02-15T14:04:35.0.45GHz.J1832-1035.ITime.fits,60355.5865046,3212.47444270172,460.328274761384,2636.00901641809,216.052169688615
/roadraid/vpipe/vdpstaging/ASKAPJ1832/2sec/Images/2024-02-15T14:04:37.0.45GHz.J1832-1035.ITime.fits,60355.5865277,2918.52566541478,444.58117925856,2583.9703290404,223.140784637836
/roadraid/vpipe/vdpstaging/ASKAPJ1832/2sec/Images/2024-02-15T14:04:39.0.45GHz.J1832-1035.ITime.fits,60355.5865509,2904.76958350373,468.34672401131,2587.47053425623,236.089795647709
/roadraid/vpipe/vdpstaging/ASKAPJ1832/2sec/Images/2024-02-15T14:04:41.0.45GHz.J1832-1035.ITime.fits,60355.586574,2988.44829245522,475.657329059563,2592.84359163252,229.971617862131
/roadraid/vpipe/vdpstaging/ASKAPJ1832/2sec/Images/2024-02-15T14:04:43.0.45GHz.J1832-1035.ITime.fits,60355.5865971,3197.54237078392,453.678153018563,2564.73927957353,205.529851618792
/roadraid/vpipe/vdpstaging/ASKAPJ1832/2sec/Images/2024-02-15T14:04:45.0.45GHz.J1832-1035.ITime.fits,60355.5866203,3047.60989922007,476.298995304754,2349.22672929666,210.008828953935
/roadraid/vpipe/vdpstaging/ASKAPJ1832/2sec/Images/2024-02-15T14:04:47.0.45GHz.J1832-1035.ITime.fits,60355.5866435,2569.71944780389,349.00438038205,2114.86976109592,162.745277871715
/roadraid/vpipe/vdpstaging/ASKAPJ1832/2sec/Images/2024-02-15T14:04:49.0.45GHz.J1832-1035.ITime.fits,60355.5866666,2673.92834293638,423.988575449279,2111.22342921451,191.222190325293
/roadraid/vpipe/vdpstaging/ASKAPJ1832/2sec/Images/2024-02-15T14:05:08.0.45GHz.G023.01-00.4.ITime.fits,60355.5868866,2365.71668649972,293.145301247541,2107.51904995932,145.1031663765
/roadraid/vpipe/vdpstaging/ASKAPJ1832/2sec/Images/2024-02-15T14:05:10.0.45GHz.G023.01-00.4.ITime.fits,60355.5869097,2239.92256229645,296.428047457225,1988.56892331872,145.773092405565
/roadraid/vpipe/vdpstaging/ASKAPJ1832/2sec/Images/2024-02-15T14:05:12.0.45GHz.G023.01-00.4.ITime.fits,60355.5869329,1941.64394380494,289.2398294464,1571.87656681227,135.380147963873
/roadraid/vpipe/vdpstaging/ASKAPJ1832/2sec/Images/2024-02-15T14:05:14.0.45GHz.G023.01-00.4.ITime.fits,60355.586956,1587.89003840782,280.722895783869,1194.60208796889,125.484031664058
/roadraid/vpipe/vdpstaging/ASKAPJ1832/2sec/Images/2024-02-15T14:05:16.0.45GHz.G023.01-00.4.ITime.fits,60355.5869792,943.007218813378,204.25843351591,931.502642521594,111.566675516858
/roadraid/vpipe/vdpstaging/ASKAPJ1832/2sec/Images/2024-02-15T14:05:18.0.45GHz.G023.01-00.4.ITime.fits,60355.5870023,796.108791527108,239.33009545685,629.245164591503,113.458450463866
/roadraid/vpipe/vdpstaging/ASKAPJ1832/2sec/Images/2024-02-15T14:05:20.0.45GHz.G023.01-00.4.ITime.fits,60355.5870255,700.998759144079,240.28571479016,520.1668562077,108.842820090785
/roadraid/vpipe/vdpstaging/ASKAPJ1832/2sec/Images/2024-02-15T14:05:22.0.45GHz.G023.01-00.4.ITime.fits,60355.5870486,488.873502417978,221.519852110955,431.049345071167,105.500950459572
/roadraid/vpipe/vdpstaging/ASKAPJ1832/2sec/Images/2024-02-15T14:05:24.0.45GHz.G023.01-00.4.ITime.fits,60355.5870718,362.610848045108,166.654824837009,382.543816614175,95.9994856136031
/roadraid/vpipe/vdpstaging/ASKAPJ1832/2sec/Images/2024-02-15T14:05:28.0.45GHz.G023.01-00.4.ITime.fits,60355.5871181,371.802628012914,225.765760328692,348.657645606428,120.792001186304
/roadraid/vpipe/vdpstaging/ASKAPJ1832/2sec/Images/2024-02-15T14:05:30.0.45GHz.G023.01-00.4.ITime.fits,60355.5871412,397.296215834525,272.83506661222,231.875655660266,105.670674234994
/roadraid/vpipe/vdpstaging/ASKAPJ1832/2sec/Images/2024-02-15T14:05:38.0.45GHz.G023.01-00.4.ITime.fits,60355.5872338,244.486636620383,193.23583779973,214.949244335559,101.978253002098
/roadraid/vpipe/vdpstaging/ASKAPJ1832/2sec/Images/2024-02-15T14:46:32.0.45GHz.G023.01-00.4.ITime.fits,60355.6156366,747.352897370499,165.382733114061,908.630726990965,103.833725477229
/roadraid/vpipe/vdpstaging/ASKAPJ1832/2sec/Images/2024-02-15T14:46:34.0.45GHz.G023.01-00.4.ITime.fits,60355.6156597,1137.88481986487,202.78996439551,1211.86544320811,117.532120399654
/roadraid/vpipe/vdpstaging/ASKAPJ1832/2sec/Images/2024-02-15T14:46:36.0.45GHz.G023.01-00.4.ITime.fits,60355.6156829,1634.40432991515,236.548973504941,1549.88884863395,126.309399629379
/roadraid/vpipe/vdpstaging/ASKAPJ1832/2sec/Images/2024-02-15T14:46:38.0.45GHz.G023.01-00.4.ITime.fits,60355.615706,2071.52573758199,244.391131319292,2047.57656666423,133.526815317407
/roadraid/vpipe/vdpstaging/ASKAPJ1832/2sec/Images/2024-02-15T14:46:40.0.45GHz.G023.01-00.4.ITime.fits,60355.6157292,2453.77058417458,265.457987804947,2487.37882200579,148.063708567373
/roadraid/vpipe/vdpstaging/ASKAPJ1832/2sec/Images/2024-02-15T14:46:42.0.45GHz.G023.01-00.4.ITime.fits,60355.6157523,2664.99971353916,287.347754338344,2601.44572107281,155.246905707423
/roadraid/vpipe/vdpstaging/ASKAPJ1832/2sec/Images/2024-02-15T14:46:44.0.45GHz.G023.01-00.4.ITime.fits,60355.6157755,2720.82375469751,286.500564239031,2622.10269789466,152.429655452066
/roadraid/vpipe/vdpstaging/ASKAPJ1832/2sec/Images/2024-02-15T14:46:46.0.45GHz.G023.01-00.4.ITime.fits,60355.6157987,3023.68217213761,336.239823738345,2942.27388853838,180.409908208595
/roadraid/vpipe/vdpstaging/ASKAPJ1832/2sec/Images/2024-02-15T14:46:48.0.45GHz.G023.01-00.4.ITime.fits,60355.6158218,3078.86006830832,312.932710295369,3001.72131267951,169.318430518384
/roadraid/vpipe/vdpstaging/ASKAPJ1832/2sec/Images/2024-02-15T14:46:50.0.45GHz.G023.01-00.4.ITime.fits,60355.6158449,3466.24003179514,338.054163852694,3355.01088761218,181.995864067233
/roadraid/vpipe/vdpstaging/ASKAPJ1832/2sec/Images/2024-02-15T14:46:52.0.45GHz.G023.01-00.4.ITime.fits,60355.6158681,3899.34844723712,384.51393982284,3867.1492643426,210.917309767721
/roadraid/vpipe/vdpstaging/ASKAPJ1832/2sec/Images/2024-02-15T14:46:54.0.45GHz.G023.01-00.4.ITime.fits,60355.6158912,4216.43533235468,380.791061539051,4182.66261467419,208.757544363247
/roadraid/vpipe/vdpstaging/ASKAPJ1832/2sec/Images/2024-02-15T14:46:56.0.45GHz.G023.01-00.4.ITime.fits,60355.6159143,4437.80877463481,398.688599242695,4367.53242030586,217.06545372276
/roadraid/vpipe/vdpstaging/ASKAPJ1832/2sec/Images/2024-02-15T14:46:58.0.45GHz.G023.01-00.4.ITime.fits,60355.6159375,5191.65885194813,467.643135944875,5118.18445453331,255.18540860891
/roadraid/vpipe/vdpstaging/ASKAPJ1832/2sec/Images/2024-02-15T14:47:00.0.45GHz.G023.01-00.4.ITime.fits,60355.6159607,5380.93067839996,464.225720379437,5294.08779795907,253.607964593317
/roadraid/vpipe/vdpstaging/ASKAPJ1832/2sec/Images/2024-02-15T14:47:02.0.45GHz.G023.01-00.4.ITime.fits,60355.6159838,5643.48725598195,484.088959936264,5545.11659008014,263.943186309414
/roadraid/vpipe/vdpstaging/ASKAPJ1832/2sec/Images/2024-02-15T14:47:04.0.45GHz.G023.01-00.4.ITime.fits,60355.616007,5925.98091311419,497.965742055226,5868.47864780057,272.172828890129
/roadraid/vpipe/vdpstaging/ASKAPJ1832/2sec/Images/2024-02-15T14:47:06.0.45GHz.G023.01-00.4.ITime.fits,60355.6160301,6511.38710020532,540.006637572287,6405.92819583302,293.722244417633
/roadraid/vpipe/vdpstaging/ASKAPJ1832/2sec/Images/2024-02-15T14:47:08.0.45GHz.G023.01-00.4.ITime.fits,60355.6160533,6712.25271102962,602.000697552065,6768.9716314143,332.325054475041
/roadraid/vpipe/vdpstaging/ASKAPJ1832/2sec/Images/2024-02-15T14:47:10.0.45GHz.G023.01-00.4.ITime.fits,60355.6160764,6855.9908679739,564.20172295567,6976.09176067283,313.051815889426
/roadraid/vpipe/vdpstaging/ASKAPJ1832/2sec/Images/2024-02-15T14:47:12.0.45GHz.G023.01-00.4.ITime.fits,60355.6160995,7623.21083021538,619.441132845338,7529.23791328842,337.485215268614
/roadraid/vpipe/vdpstaging/ASKAPJ1832/2sec/Images/2024-02-15T14:47:14.0.45GHz.G023.01-00.4.ITime.fits,60355.6161227,7643.22670330456,639.103343211601,7553.530662227,347.549565891256
/roadraid/vpipe/vdpstaging/ASKAPJ1832/2sec/Images/2024-02-15T14:47:16.0.45GHz.G023.01-00.4.ITime.fits,60355.6161458,7788.7366572902,639.966883766843,7646.01889557147,346.413749761347
/roadraid/vpipe/vdpstaging/ASKAPJ1832/2sec/Images/2024-02-15T14:47:18.0.45GHz.G023.01-00.4.ITime.fits,60355.616169,8174.61571270383,671.386209955886,8114.18770336241,366.339044408622
/roadraid/vpipe/vdpstaging/ASKAPJ1832/2sec/Images/2024-02-15T14:47:20.0.45GHz.G023.01-00.4.ITime.fits,60355.6161922,8301.73608697897,684.080035463828,8233.56385379385,373.57140784643
/roadraid/vpipe/vdpstaging/ASKAPJ1832/2sec/Images/2024-02-15T14:47:22.0.45GHz.G023.01-00.4.ITime.fits,60355.6162153,8378.07556631085,677.378883538796,8170.82759785748,365.925305207131
/roadraid/vpipe/vdpstaging/ASKAPJ1832/2sec/Images/2024-02-15T14:47:24.0.45GHz.G023.01-00.4.ITime.fits,60355.6162384,8518.13878001281,684.801784190347,8330.33817042789,370.243830074467
/roadraid/vpipe/vdpstaging/ASKAPJ1832/2sec/Images/2024-02-15T14:47:26.0.45GHz.G023.01-00.4.ITime.fits,60355.6162616,8492.23177929944,689.4626280341,8521.27915013127,377.293582972409
/roadraid/vpipe/vdpstaging/ASKAPJ1832/2sec/Images/2024-02-15T14:47:28.0.45GHz.G023.01-00.4.ITime.fits,60355.6162847,9145.45522444186,734.022057631354,9123.96156702532,400.360225660231
/roadraid/vpipe/vdpstaging/ASKAPJ1832/2sec/Images/2024-02-15T14:47:30.0.45GHz.G023.01-00.4.ITime.fits,60355.6163079,9157.87677761508,736.525549238409,9233.91975417052,405.681165948758
/roadraid/vpipe/vdpstaging/ASKAPJ1832/2sec/Images/2024-02-15T14:47:32.0.45GHz.G023.01-00.4.ITime.fits,60355.616331,8655.63471993869,709.212655945311,8776.71527603909,391.898278324572
/roadraid/vpipe/vdpstaging/ASKAPJ1832/2sec/Images/2024-02-15T14:47:34.0.45GHz.G023.01-00.4.ITime.fits,60355.6163542,8612.11030033719,707.130906228687,8438.33311793561,381.716379732097
/roadraid/vpipe/vdpstaging/ASKAPJ1832/2sec/Images/2024-02-15T14:47:36.0.45GHz.G023.01-00.4.ITime.fits,60355.6163774,9013.97017120263,741.546217667751,8898.08642145201,402.990893893417
/roadraid/vpipe/vdpstaging/ASKAPJ1832/2sec/Images/2024-02-15T14:47:38.0.45GHz.G023.01-00.4.ITime.fits,60355.6164005,9664.40952976074,782.504688863986,8912.40017248837,407.335924507397
/roadraid/vpipe/vdpstaging/ASKAPJ1832/2sec/Images/2024-02-15T14:47:40.0.45GHz.G023.01-00.4.ITime.fits,60355.6164236,8937.34832186777,778.324799845511,9160.92028349881,420.432686797127
/roadraid/vpipe/vdpstaging/ASKAPJ1832/2sec/Images/2024-02-15T14:47:42.0.45GHz.G023.01-00.4.ITime.fits,60355.6164468,10556.0807718628,936.62036703838,8293.37086857999,433.487170692747
/roadraid/vpipe/vdpstaging/ASKAPJ1832/2sec/Images/2024-02-15T14:47:44.0.45GHz.G023.01-00.4.ITime.fits,60355.6164699,10526.5829477314,913.941365146337,8318.78434683763,424.012899149434
/roadraid/vpipe/vdpstaging/ASKAPJ1832/2sec/Images/2024-02-15T14:47:46.0.45GHz.G023.01-00.4.ITime.fits,60355.616493,8628.39530079167,700.469160621756,8409.83417970248,377.916169647087
/roadraid/vpipe/vdpstaging/ASKAPJ1832/2sec/Images/2024-02-15T14:47:48.0.45GHz.G023.01-00.4.ITime.fits,60355.6165162,8110.30068890712,649.293557859633,7899.11936481443,350.967781006464
/roadraid/vpipe/vdpstaging/ASKAPJ1832/2sec/Images/2024-02-15T14:47:50.0.45GHz.G023.01-00.4.ITime.fits,60355.6165394,7638.77282481618,611.200165670822,7451.03880420192,330.343911537992
/roadraid/vpipe/vdpstaging/ASKAPJ1832/2sec/Images/2024-02-15T14:47:52.0.45GHz.G023.01-00.4.ITime.fits,60355.6165625,7304.67637951466,595.18326435198,7069.11656560117,319.883076283687
/roadraid/vpipe/vdpstaging/ASKAPJ1832/2sec/Images/2024-02-15T14:47:54.0.45GHz.G023.01-00.4.ITime.fits,60355.6165857,6585.73912803552,541.248932187558,6365.60031120099,291.33213211553
/roadraid/vpipe/vdpstaging/ASKAPJ1832/2sec/Images/2024-02-15T14:47:56.0.45GHz.G023.01-00.4.ITime.fits,60355.6166088,6158.87553673234,512.266538646718,6011.81105872607,277.428901256002
/roadraid/vpipe/vdpstaging/ASKAPJ1832/2sec/Images/2024-02-15T14:47:58.0.45GHz.G023.01-00.4.ITime.fits,60355.616632,5504.1960900673,486.366047289001,5424.28197307289,262.926838082214
/roadraid/vpipe/vdpstaging/ASKAPJ1832/2sec/Images/2024-02-15T14:48:00.0.45GHz.G023.01-00.4.ITime.fits,60355.6166551,5135.16634042738,441.396425487743,5172.63834657811,242.748782091458
/roadraid/vpipe/vdpstaging/ASKAPJ1832/2sec/Images/2024-02-15T14:48:02.0.45GHz.G023.01-00.4.ITime.fits,60355.6166782,4901.14530255047,427.372804085923,5019.36664723645,238.339008626078
/roadraid/vpipe/vdpstaging/ASKAPJ1832/2sec/Images/2024-02-15T14:48:04.0.45GHz.G023.01-00.4.ITime.fits,60355.6167014,4396.90095859047,414.251373821156,4721.15183636731,238.009146209826
/roadraid/vpipe/vdpstaging/ASKAPJ1832/2sec/Images/2024-02-15T14:48:06.0.45GHz.G023.01-00.4.ITime.fits,60355.6167246,4875.54907308729,422.828865903319,5023.42620111056,236.173442497063
/roadraid/vpipe/vdpstaging/ASKAPJ1832/2sec/Images/2024-02-15T14:48:08.0.45GHz.G023.01-00.4.ITime.fits,60355.6167477,5093.33585282411,433.079704734731,5026.30004733374,234.842743388457
/roadraid/vpipe/vdpstaging/ASKAPJ1832/2sec/Images/2024-02-15T14:48:10.0.45GHz.G023.01-00.4.ITime.fits,60355.6167709,3857.17092145278,378.68435477867,3898.36747860303,207.925856283225
/roadraid/vpipe/vdpstaging/ASKAPJ1832/2sec/Images/2024-02-15T14:48:12.0.45GHz.G023.01-00.4.ITime.fits,60355.616794,4322.99693921367,389.232516384277,4381.50197922773,215.174370906226
/roadraid/vpipe/vdpstaging/ASKAPJ1832/2sec/Images/2024-02-15T14:48:31.0.45GHz.J1832-1035.ITime.fits,60355.6170138,3529.17471163872,441.488216856194,3277.64794097133,229.609295611202
/roadraid/vpipe/vdpstaging/ASKAPJ1832/2sec/Images/2024-02-15T14:48:33.0.45GHz.J1832-1035.ITime.fits,60355.617037,3971.45612698612,476.870839870339,3390.18402705169,236.296388472293
/roadraid/vpipe/vdpstaging/ASKAPJ1832/2sec/Images/2024-02-15T14:48:35.0.45GHz.J1832-1035.ITime.fits,60355.6170601,3634.86355692783,425.768466047841,3400.08975194522,221.422848913299
/roadraid/vpipe/vdpstaging/ASKAPJ1832/2sec/Images/2024-02-15T14:48:37.0.45GHz.J1832-1035.ITime.fits,60355.6170833,3662.81590552767,477.299386254462,3560.07845917737,256.946947531371
/roadraid/vpipe/vdpstaging/ASKAPJ1832/2sec/Images/2024-02-15T14:48:39.0.45GHz.J1832-1035.ITime.fits,60355.6171064,3523.52437386566,489.671279643635,3170.79710105822,251.667986185853
/roadraid/vpipe/vdpstaging/ASKAPJ1832/2sec/Images/2024-02-15T14:48:41.0.45GHz.J1832-1035.ITime.fits,60355.6171296,3708.87340784009,415.369590816886,3220.23063641526,207.362846032369
/roadraid/vpipe/vdpstaging/ASKAPJ1832/2sec/Images/2024-02-15T14:48:43.0.45GHz.J1832-1035.ITime.fits,60355.6171528,3784.22706045886,464.13864513632,3416.81861019807,237.137876230586
/roadraid/vpipe/vdpstaging/ASKAPJ1832/2sec/Images/2024-02-15T14:48:45.0.45GHz.J1832-1035.ITime.fits,60355.6171759,4254.86057251848,527.241647915887,3707.18195572581,266.231319142709
/roadraid/vpipe/vdpstaging/ASKAPJ1832/2sec/Images/2024-02-15T14:48:47.0.45GHz.J1832-1035.ITime.fits,60355.617199,3832.98495892228,505.673178525593,3351.47575470287,257.4180006104
/roadraid/vpipe/vdpstaging/ASKAPJ1832/2sec/Images/2024-02-15T14:48:49.0.45GHz.J1832-1035.ITime.fits,60355.6172222,4725.29645234253,557.864072237464,3831.81180786402,267.304920124522
/roadraid/vpipe/vdpstaging/ASKAPJ1832/2sec/Images/2024-02-15T14:48:51.0.45GHz.J1832-1035.ITime.fits,60355.6172453,4533.65910100267,510.989486349272,4048.98346067891,257.744825690207
/roadraid/vpipe/vdpstaging/ASKAPJ1832/2sec/Images/2024-02-15T14:48:53.0.45GHz.J1832-1035.ITime.fits,60355.6172684,3985.19255386678,519.601764058598,3378.59553417482,259.781889115308
/roadraid/vpipe/vdpstaging/ASKAPJ1832/2sec/Images/2024-02-15T14:48:55.0.45GHz.J1832-1035.ITime.fits,60355.6172916,3797.36636611526,498.340833925382,3650.46551664917,267.743297770546
/roadraid/vpipe/vdpstaging/ASKAPJ1832/2sec/Images/2024-02-15T14:48:57.0.45GHz.J1832-1035.ITime.fits,60355.6173148,3893.61207947137,422.699012292687,3730.70311804346,222.907328307799
/roadraid/vpipe/vdpstaging/ASKAPJ1832/2sec/Images/2024-02-15T14:48:59.0.45GHz.J1832-1035.ITime.fits,60355.6173379,4083.23610000814,504.310757534776,3522.19931850878,250.008471269397
/roadraid/vpipe/vdpstaging/ASKAPJ1832/2sec/Images/2024-02-15T14:49:01.0.45GHz.J1832-1035.ITime.fits,60355.6173611,3925.50991648012,498.857966894431,3444.04910113218,251.546456811465
/roadraid/vpipe/vdpstaging/ASKAPJ1832/2sec/Images/2024-02-15T14:49:03.0.45GHz.J1832-1035.ITime.fits,60355.6173842,3982.85794572544,428.663546768624,3537.7543659281,217.510622691833
/roadraid/vpipe/vdpstaging/ASKAPJ1832/2sec/Images/2024-02-15T14:49:05.0.45GHz.J1832-1035.ITime.fits,60355.6174074,4173.33468947445,504.304664580016,3783.07537026681,260.376484785417
/roadraid/vpipe/vdpstaging/ASKAPJ1832/2sec/Images/2024-02-15T14:49:07.0.45GHz.J1832-1035.ITime.fits,60355.6174305,3711.38638673646,502.670495639358,3111.70343738908,241.120340458331
/roadraid/vpipe/vdpstaging/ASKAPJ1832/2sec/Images/2024-02-15T14:49:09.0.45GHz.J1832-1035.ITime.fits,60355.6174536,4008.51426249699,590.182037437838,2862.79716360999,254.717803862431
/roadraid/vpipe/vdpstaging/ASKAPJ1832/2sec/Images/2024-02-15T14:49:11.0.45GHz.J1832-1035.ITime.fits,60355.6174768,2815.36018273995,433.057239343379,2633.08261641438,225.134121424756
/roadraid/vpipe/vdpstaging/ASKAPJ1832/2sec/Images/2024-02-15T14:49:13.0.45GHz.J1832-1035.ITime.fits,60355.6174999,3432.68286116336,480.419246924064,3106.52515543578,245.222532346459
/roadraid/vpipe/vdpstaging/ASKAPJ1832/2sec/Images/2024-02-15T14:49:15.0.45GHz.J1832-1035.ITime.fits,60355.6175231,2742.54721418472,417.458000080277,2449.02106752312,214.748337066044
/roadraid/vpipe/vdpstaging/ASKAPJ1832/2sec/Images/2024-02-15T14:49:17.0.45GHz.J1832-1035.ITime.fits,60355.6175463,2933.71549506434,465.930760111899,2316.34777687251,221.051820024663
/roadraid/vpipe/vdpstaging/ASKAPJ1832/2sec/Images/2024-02-15T14:49:19.0.45GHz.J1832-1035.ITime.fits,60355.6175694,2760.17902658549,395.665079652164,2305.32826146917,187.559504204598
/roadraid/vpipe/vdpstaging/ASKAPJ1832/2sec/Images/2024-02-15T14:49:21.0.45GHz.J1832-1035.ITime.fits,60355.6175926,3085.25344039519,533.045273684652,2292.86673647141,227.044583110658
/roadraid/vpipe/vdpstaging/ASKAPJ1832/2sec/Images/2024-02-15T14:49:23.0.45GHz.J1832-1035.ITime.fits,60355.6176157,2165.00519890271,395.104506474766,2060.47859526489,211.159269212766
/roadraid/vpipe/vdpstaging/ASKAPJ1832/2sec/Images/2024-02-15T14:49:25.0.45GHz.J1832-1035.ITime.fits,60355.6176388,2108.72976852995,321.020602047608,2118.70859027178,175.170809344797
/roadraid/vpipe/vdpstaging/ASKAPJ1832/2sec/Images/2024-02-15T14:49:27.0.45GHz.J1832-1035.ITime.fits,60355.617662,2285.04198772827,470.897222917611,1904.79717245446,217.800925661353
/roadraid/vpipe/vdpstaging/ASKAPJ1832/2sec/Images/2024-02-15T14:49:29.0.45GHz.J1832-1035.ITime.fits,60355.6176851,1123.9728478042,346.471476055404,1194.62160620493,203.078420155417
/roadraid/vpipe/vdpstaging/ASKAPJ1832/2sec/Images/2024-02-15T14:49:31.0.45GHz.J1832-1035.ITime.fits,60355.6177083,1160.13972942443,303.858589527461,1150.167076021,168.23416455925
/roadraid/vpipe/vdpstaging/ASKAPJ1832/2sec/Images/2024-02-15T14:49:33.0.45GHz.J1832-1035.ITime.fits,60355.6177315,889.125528963951,335.436893005358,970.016522283858,199.983611517433
/roadraid/vpipe/vdpstaging/ASKAPJ1832/2sec/Images/2024-02-15T14:49:35.0.45GHz.J1832-1035.ITime.fits,60355.6177546,1034.66764859288,392.57452576512,972.911738037192,204.394613541808
/roadraid/vpipe/vdpstaging/ASKAPJ1832/2sec/Images/2024-02-15T14:49:37.0.45GHz.J1832-1035.ITime.fits,60355.6177777,689.773949323507,444.960007462789,547.361178954342,219.316431047261
/roadraid/vpipe/vdpstaging/ASKAPJ1832/2sec/Images/2024-02-15T14:49:39.0.45GHz.J1832-1035.ITime.fits,60355.6178009,558.00621627795,615.114556558384,322.040865573457,238.979070725691
/roadraid/vpipe/vdpstaging/ASKAPJ1832/2sec/Images/2024-02-15T14:49:45.0.45GHz.J1832-1035.ITime.fits,60355.6178703,248.314274046398,163.740799226659,592.456886659264,160.224026097652
